modele,pli,mae,rmse,rmsle,r2,temps_s
Dummy,1,59576.84202675744,80423.48734912589,0.41261890146912705,-0.0006384941115065157,0.07
Dummy,2,58663.60914365197,76575.0080208489,0.4077192484359457,-0.0017788629741464224,0.03
Dummy,3,56690.29093687658,82224.43005984665,0.4138783114005585,-0.003855245142650565,0.03
Dummy,4,53296.4267287875,73940.98368050758,0.3826827132752775,-0.0017002096359504115,0.03
Dummy,5,53363.992550090654,72636.63317324512,0.37243312611117335,-0.00014234814879321434,0.03
XGBoost,1,15489.565504807691,25377.57098437644,0.13014058817920307,0.9003650961459166,1.89
XGBoost,2,16044.418402777777,33074.33676900039,0.13187014885674084,0.8131125878157258,0.32
XGBoost,3,17464.847756410258,33466.58674783346,0.15561225299948167,0.8337000223674486,0.29
XGBoost,4,15111.658161212446,22486.28364088852,0.1119310677917976,0.9073591170053332,0.29
XGBoost,5,14011.885193133046,21273.421161972685,0.10627029388145529,0.9142122887216361,0.32
